{
  "id": "rtsp://192.168.2.10:554/stream_2",
  "resolution": {
    "width": 640,
    "height": 480
  },
  "calibration_matrix": [
    [
      502.5371226575572,
      0.0,
      314.88150971562925
    ],
    [
      0.0,
      670.0149560856121,
      242.41395243278234
    ],
    [
      0.0,
      0.0,
      1.0
    ]
  ],
  "distortion_coefficients": [
    [
      -0.03312720109924578
    ],
    [
      -0.16659586246551433
    ],
    [
      0.8017444514467282
    ],
    [
      -1.160238992619084
    ]
  ]
}
